,companyFullName,companyShortName,companySize,financeStage,district,positionName,workYear,education,salary,positionAdvantage,industryField,firstType,companyLabelList,secondType,city
0,中银金融商务有限公司,中银商务,2000人以上,不需要融资,海淀区,应用开发助理工程师（智能化应用方向）,1-3年,本科,15k-25k,六险一金 节日福利 高温补助 绩效奖金,金融,开发|测试|运维类,"绩效奖金,年底双薪,五险一金,带薪年假",后端开发,北京
1,浙江省农村信用社联合社,浙江农信,2000人以上,未融资,萧山区,java开发工程师,在校/应届,本科,10k-12k,发展前景大、福利待遇好,"其他,金融",开发|测试|运维类,"管理规范,岗位晋升,五险一金,绩效奖金",后端开发,杭州
2,北京百家互联科技有限公司,跟谁学,2000人以上,上市公司,海淀区,高级java开发工程师,1-3年,本科,18k-28k,餐补，班车，双休,"移动互联网,教育",开发|测试|运维类,"节日礼物,技能培训,股票期权,精英团队",后端开发,北京
3,北京达佳互联信息技术有限公司,快手,2000人以上,D轮及以上,海淀区,Java开发工程师,1-3年,本科,20k-40k,六险一金，加班双倍工资，免费三餐下午茶…,文娱丨内容,开发|测试|运维类,"股票期权,弹性工作,定期体检,岗位晋升",后端开发,北京
4,北京拉勾网络技术有限公司,拉勾网,500-2000人,D轮及以上,海淀区,Java高级开发工程师,5-10年,本科,20k-40k,"足够的技术,挑战和有,创造力的,团队",企业服务,开发|测试|运维类,"五险一金,弹性工作,带薪年假,免费两餐",后端开发,北京
5,北京百家互联科技有限公司,跟谁学,2000人以上,上市公司,海淀区,高级Java开发工程师,3-5年,本科,20k-40k,六险一金、绩效奖金,"移动互联网,教育",开发|测试|运维类,"节日礼物,技能培训,股票期权,精英团队",后端开发,北京
6,杭州涂鸦信息技术有限公司,涂鸦智能,500-2000人,C轮,西湖区,高级Java开发工程师,3-5年,本科,20k-40k,福利好、定期团建、环境氛围好,"移动互联网,硬件",开发|测试|运维类,"5星办公环境,年底奖金,团队牛B,五险一金",后端开发,杭州
7,杭州涂鸦信息技术有限公司,涂鸦智能,500-2000人,C轮,西湖区,Java开发工程师,1-3年,本科,16k-25k,"平台大,福利众多,不打卡,团队风味好","移动互联网,硬件",开发|测试|运维类,"5星办公环境,年底奖金,团队牛B,五险一金",后端开发,杭州
8,贝壳找房（北京）科技有限公司,贝壳,2000人以上,上市公司,海淀区,Java工程师,3-5年,本科,20k-40k,免费三餐 发展空间大,房产家居,开发|测试|运维类,"股票期权,带薪年假,绩效奖金,扁平管理",后端开发,北京
9,贝壳找房（北京）科技有限公司,贝壳,2000人以上,上市公司,海淀区,Java开发工程师,5-10年,本科,25k-50k,三餐免费 10天年假 有机会拿股票,房产家居,开发|测试|运维类,"股票期权,带薪年假,绩效奖金,扁平管理",后端开发,北京
10,北京达佳互联信息技术有限公司,快手,2000人以上,D轮及以上,海淀区,java开发工程师,不限,本科,20k-40k,免费三餐 健身房 租房补贴,文娱丨内容,开发|测试|运维类,"股票期权,弹性工作,定期体检,岗位晋升",后端开发,北京
11,岩心科技（深圳）有限公司,AKULAKU,500-2000人,D轮及以上,南山区,java开发工程师,3-5年,不限,15k-25k,发展前景好、扁平管理、带薪年假,"移动互联网,金融",开发|测试|运维类,"美女如云,股票期权,高速发展,扁平管理",后端开发,深圳
12,上海阑途信息技术有限公司,途虎养车网,2000人以上,D轮及以上,闵行区,高级java开发工程师,5-10年,本科,20k-40k,"内部晋升,公司平台好",汽车丨出行,开发|测试|运维类,"技能培训,节日礼物,岗位晋升,领导好",后端开发,上海
13,上海阑途信息技术有限公司,途虎养车网,2000人以上,D轮及以上,闵行区,高级java开发工程师,3-5年,本科,20k-40k,大平台，核心技术部门,汽车丨出行,开发|测试|运维类,"技能培训,节日礼物,岗位晋升,领导好",后端开发,上海
14,北京字节跳动科技有限公司,字节跳动,2000人以上,C轮,余杭区,JAVA开发工程师,不限,本科,35k-60k,"六险一金,弹性工作,免费三餐,租房补贴",文娱丨内容,开发|测试|运维类,"扁平管理,弹性工作,大厨定制三餐,就近租房补贴",后端开发,杭州
15,Amber AI Limited,Amber Group,150-500人,不需要融资,南山区,Java开发工程师,3-5年,本科,20k-40k,五险一金 绩效奖 年终奖 下午茶,"金融,区块链",开发|测试|运维类,"绩效奖金,定期体检,交通补助,岗位晋升",后端开发,深圳
16,广州细刻网络科技有限公司,广州细刻,500-2000人,A轮,番禺区,java开发工程师,3-5年,大专,15k-25k,"职位晋升,五险一金,餐补",电商,开发|测试|运维类,,后端开发,广州
17,福建顶点软件股份有限公司,顶点软件,500-2000人,上市公司,鼓楼区,高级JAVA开发工程师,3-5年,本科,10k-15k,"五险一金,年底双薪,过节费,体检旅游","移动互联网,企业服务",开发|测试|运维类,"技能培训,节日礼物,专项奖金,带薪年假",后端开发,福州
18,北京拉勾网络技术有限公司,拉勾网,500-2000人,D轮及以上,海淀区,资深java开发工程师,5-10年,本科,25k-50k,福利待遇好，周末双休，发展空间大,企业服务,开发|测试|运维类,"五险一金,弹性工作,带薪年假,免费两餐",后端开发,北京
19,岩心科技（深圳）有限公司,AKULAKU,500-2000人,D轮及以上,南山区,金融系统高级Java开发(J10781),3-5年,本科,20k-30k,东南亚独角兽 绩效激励,"移动互联网,金融",开发|测试|运维类,"美女如云,股票期权,高速发展,扁平管理",后端开发,深圳
20,东华软件股份公司,东华,2000人以上,上市公司,高新技术产业开发区,java开发工程师,1-3年,本科,8k-15k,上市公司、五险一金、年终奖、弹性工作制,"企业服务,数据服务",开发|测试|运维类,"年底双薪,专项奖金,股票期权,带薪年假",后端开发,西安
21,东华软件股份公司,东华,2000人以上,上市公司,浑南区,java,3-5年,不限,8k-15k,上市公司、五险一金、年终奖、弹性工作制,"企业服务,数据服务",开发|测试|运维类,"年底双薪,专项奖金,股票期权,带薪年假",后端开发,沈阳
22,北京猿力未来科技有限公司,猿辅导,2000人以上,D轮及以上,朝阳区,Java开发工程师,3-5年,本科,25k-35k,从零到一参与中台业务项目的设计和搭建,"移动互联网,教育",开发|测试|运维类,"股票期权,年底双薪,五险一金,带薪年假",后端开发,北京
23,上海识装信息科技有限公司,得物App,500-2000人,B轮,,高级java开发工程师,3-5年,本科,20k-40k,绩效奖金，带薪年假，下午茶，饮料畅饮,"移动互联网,电商",开发|测试|运维类,"绩效奖金,带薪年假,定期体检,节日礼物",后端开发,上海
24,武汉佰钧成技术有限责任公司,武汉佰钧成技术有限责任公司,2000人以上,不需要融资,,java开发工程师,1-3年,本科,10k-15k,java初级-中级-高级,移动互联网,开发|测试|运维类,"带薪年假,计算机软件,管理规范,定期体检",后端开发,成都
25,常州氪星人商贸有限公司,氪星人商贸,50-150人,不需要融资,,高级java开发工程师,5-10年,本科,25k-40k,主做银行芯片系统,移动互联网,开发|测试|运维类,,后端开发,北京
26,深圳罗马仕科技有限公司,罗马仕,500-2000人,不需要融资,,java开发工程师,3-5年,大专,14k-18k,nice,移动互联网,开发|测试|运维类,"带薪年假,绩效奖金,帅哥多,领导好",后端开发,深圳
27,深圳市法本信息技术股份有限公司,法本信息,2000人以上,上市公司,,高级java开发工程师,3-5年,本科,13k-17k,六险一金,"企业服务,软件开发",开发|测试|运维类,,后端开发,广州
28,武汉佰钧成技术有限责任公司,武汉佰钧成技术有限责任公司,2000人以上,不需要融资,,java开发工程师,3-5年,本科,9k-16k,六险一金 免费体检 双休 互联网项目,移动互联网,开发|测试|运维类,"带薪年假,计算机软件,管理规范,定期体检",后端开发,深圳
29,上海易立德信息技术股份有限公司,易立德,500-2000人,不需要融资,,java开发工程师,3-5年,大专,13k-26k,五险一金，年终奖金,移动互联网,开发|测试|运维类,,后端开发,深圳
30,中科世通亨奇（北京）科技有限公司,中科世通亨奇,15-50人,天使轮,,java工程师,3-5年,本科,20k-25k,多个项目接触机会、人工智能方向产品研发,"人工智能,软件开发",开发|测试|运维类,,后端开发,北京
31,贝壳找房（北京）科技有限公司,贝壳,2000人以上,上市公司,海淀区,java高级开发工程师,3-5年,本科,30k-50k,高期权 16薪 良好的技术氛围,房产家居,开发|测试|运维类,"股票期权,带薪年假,绩效奖金,扁平管理",后端开发,北京
32,贝壳找房（北京）科技有限公司,贝壳,2000人以上,上市公司,海淀区,Java开发工程师,3-5年,硕士,20k-40k,核心业务,房产家居,开发|测试|运维类,"股票期权,带薪年假,绩效奖金,扁平管理",后端开发,北京
33,北京达佳互联信息技术有限公司,快手,2000人以上,D轮及以上,海淀区,java开发工程师,3-5年,本科,15k-30k,16薪房补免费三餐下午茶星巴克健身房理发室,文娱丨内容,开发|测试|运维类,"股票期权,弹性工作,定期体检,岗位晋升",后端开发,北京
34,北京百家互联科技有限公司,跟谁学,2000人以上,上市公司,海淀区,Java开发工程师,在校/应届,不限,15k-25k,六险一金、餐补食堂，班车宿舍，节日福利,"移动互联网,教育",开发|测试|运维类,"节日礼物,技能培训,股票期权,精英团队",后端开发,北京
35,北京达佳互联信息技术有限公司,快手,2000人以上,D轮及以上,海淀区,Java开发工程师,不限,本科,25k-50k,年终奖丰厚,文娱丨内容,开发|测试|运维类,"股票期权,弹性工作,定期体检,岗位晋升",后端开发,北京
36,杭州涂鸦信息技术有限公司,涂鸦智能,500-2000人,C轮,西湖区,Java开发工程师,3-5年,本科,20k-40k,物联网,"移动互联网,硬件",开发|测试|运维类,"5星办公环境,年底奖金,团队牛B,五险一金",后端开发,杭州
37,北京字节跳动科技有限公司,字节跳动,2000人以上,C轮,海淀区,Java开发工程师,3-5年,本科,25k-50k,业务发展迅猛，团队技术牛逼,文娱丨内容,开发|测试|运维类,"扁平管理,弹性工作,大厨定制三餐,就近租房补贴",后端开发,北京
38,北京百家互联科技有限公司,跟谁学,2000人以上,上市公司,海淀区,资深Java开发工程师,3-5年,本科,25k-39k,股票期权，餐补，班车，双休,"移动互联网,教育",开发|测试|运维类,"节日礼物,技能培训,股票期权,精英团队",后端开发,北京
39,杭州涂鸦信息技术有限公司,涂鸦智能,500-2000人,C轮,西湖区,高级java开发工程师,3-5年,本科,15k-30k,五险一金、年终奖、期权激励、带薪年假、体检,"移动互联网,硬件",开发|测试|运维类,"5星办公环境,年底奖金,团队牛B,五险一金",后端开发,杭州
40,福建顶点软件股份有限公司,顶点软件,500-2000人,上市公司,工业园区,java开发工程师,1-3年,本科,7k-12k,"六险一金,餐补及体检,员工旅游","移动互联网,企业服务",开发|测试|运维类,"技能培训,节日礼物,专项奖金,带薪年假",后端开发,苏州
41,北京拉勾网络技术有限公司,拉勾网,500-2000人,D轮及以上,海淀区,高级/资深java开发,5-10年,本科,25k-40k,六险一金；弹性工作；领导nice,企业服务,开发|测试|运维类,"五险一金,弹性工作,带薪年假,免费两餐",后端开发,北京
42,北京字节跳动科技有限公司,字节跳动,2000人以上,C轮,海淀区,高级Java开发工程师,3-5年,本科,25k-50k,"六险一金,股票期权,弹性工作,免费三餐",文娱丨内容,开发|测试|运维类,"扁平管理,弹性工作,大厨定制三餐,就近租房补贴",后端开发,北京
43,岩心科技（深圳）有限公司,AKULAKU,500-2000人,D轮及以上,朝阳区,金融系统高级Java开发(J10805),3-5年,本科,25k-35k,东南亚独角兽 绩效激励,"移动互联网,金融",开发|测试|运维类,"美女如云,股票期权,高速发展,扁平管理",后端开发,北京
44,肇庆市华盈体育科技有限公司,华盈,150-500人,A轮,,高级java开发工程师,3-5年,本科,13k-20k,提成、周末双休、五险一金等,文娱丨内容,开发|测试|运维类,"高提成奖金,高成长公司,股份期权,团队创新高效",后端开发,广州
45,车享汽车俱乐部（上海）有限公司,车享汽车俱乐部,150-500人,上市公司,,高级java开发工程师,3-5年,大专,22k-25k,发展前景好，大平台,电商,开发|测试|运维类,,后端开发,上海
46,湖南东方微银信息技术服务有限公司,湖南东方微银,15-50人,未融资,和平区,java开发工程师,1-3年,本科,8k-15k,五险一金、节日福利、带薪年假、生日福利,"金融,移动互联网",开发|测试|运维类,,后端开发,天津
47,上海拉扎斯信息科技有限公司,上海拉扎斯信息科技有限公司,2000人以上,D轮及以上,浦东新区,java开发工程师,3-5年,本科,15k-30k,工作稳定，发展前景好,消费生活,开发|测试|运维类,,后端开发,上海
48,宇信网络（广东）有限公司,宇信,50-150人,未融资,天河区,java高级开发工程师,5-10年,大专,20k-35k,13薪，全额五险一金，餐补，公司团建，节日福利,软件开发,开发|测试|运维类,,后端开发,广州
49,苏州工业园区凌志软件股份有限公司,凌志软件,2000人以上,上市公司,罗湖区,Java开发工程师,3-5年,本科,14k-20k,团队合作,金融,开发|测试|运维类,"技能培训,年底双薪,免费班车,带薪年假",后端开发,深圳
50,北京联龙博通电子商务技术有限公司,联龙博通,2000人以上,D轮及以上,灞桥区,Java开发工程师,3-5年,本科,9k-15k,双休，五险一金，加班补贴，餐费补贴,"移动互联网,电商",开发|测试|运维类,"节日礼物,技能培训,带薪年假,绩效奖金",后端开发,西安
51,杭州海康威视数字技术股份有限公司,海康威视,2000人以上,上市公司,滨江区,java开发工程师,3-5年,本科,15k-22k,500强、股票、跟投,不限,开发|测试|运维类,"绩效奖金,年终分红,股票期权,五险一金",后端开发,杭州
52,深圳微工谷科技有限公司,深圳微工谷科技有限公司,150-500人,未融资,罗湖区,java,3-5年,本科,12k-18k,五天七小时工作制 周末双休,软件开发,开发|测试|运维类,,后端开发,深圳
53,紫光云数科技有限公司,紫光云数,2000人以上,不需要融资,蜀山区,java开发工程师,不限,本科,7k-11k,五险一金、生日福利、节日福利、带薪年假,"企业服务,数据服务",开发|测试|运维类,"交通补助,定期体检,年底双薪,帅哥多",后端开发,合肥
54,贝壳找房（北京）科技有限公司,贝壳,2000人以上,上市公司,海淀区,java开发工程师,3-5年,本科,20k-40k,六险一金 免费三餐 发展前景 奖金丰厚,房产家居,开发|测试|运维类,"股票期权,带薪年假,绩效奖金,扁平管理",后端开发,北京
55,贝壳找房（北京）科技有限公司,贝壳,2000人以上,上市公司,海淀区,java,5-10年,本科,20k-40k,福利待遇好、带薪年假、弹性工作,房产家居,开发|测试|运维类,"股票期权,带薪年假,绩效奖金,扁平管理",后端开发,北京
56,北京达佳互联信息技术有限公司,快手,2000人以上,D轮及以上,西湖区,高级java开发工程师,不限,本科,25k-50k,发展前景,文娱丨内容,开发|测试|运维类,"股票期权,弹性工作,定期体检,岗位晋升",后端开发,杭州
57,北京达佳互联信息技术有限公司,快手,2000人以上,D轮及以上,海淀区,高级java开发工程师,不限,本科,25k-50k,发展前景,文娱丨内容,开发|测试|运维类,"股票期权,弹性工作,定期体检,岗位晋升",后端开发,北京
58,信雅达系统工程股份有限公司,信雅达,2000人以上,上市公司,西湖区,java开发工程师,3-5年,本科,12k-16k,Java,移动互联网,开发|测试|运维类,,后端开发,杭州
59,杭州今元标矩科技有限公司,金柚网,500-2000人,B轮,萧山区,高级java开发工程师,3-5年,本科,18k-25k,周末双休 平台大,"移动互联网,企业服务",开发|测试|运维类,"准独角兽,股票期权,五险一金,弹性工作",后端开发,杭州
60,北京妙医佳健康科技集团有限公司,妙健康,150-500人,C轮,朝阳区,Java开发工程师,3-5年,本科,20k-25k,六险一金 团建活动 带薪年假 定期体检,移动互联网,开发|测试|运维类,"年度旅游,管理规范,六险一金,弹性工作",后端开发,北京
61,北京妙医佳健康科技集团有限公司,妙健康,150-500人,C轮,浦东新区,java开发工程师,3-5年,本科,15k-25k,六险一金 团建活动 带薪年假 定期体检,移动互联网,开发|测试|运维类,"年度旅游,管理规范,六险一金,弹性工作",后端开发,上海
62,深圳市泛融云计算研究院,深圳市泛融云计算研究院,50-150人,未融资,南山区,java,5-10年,不限,18k-36k,博士团队 氛围宽松 提升快 能学到新技术,"企业服务,数据服务",开发|测试|运维类,"边缘计算,云计算,人工智能,5G",后端开发,深圳
63,广州东宏科技有限公司,东宏科技,15-50人,不需要融资,荔湾区,java开发工程师,3-5年,大专,10k-15k,发展前景，五险一金，项目优势，双休,"信息安全,软件开发",开发|测试|运维类,,后端开发,广州
64,上海炽聚网络科技有限公司,上海炽聚,50-150人,未融资,闵行区,java工程师,3-5年,本科,15k-20k,六险一金 带薪年假 餐饮补贴 交通补贴,"软件开发,信息安全",开发|测试|运维类,"绩效奖金,带薪年假,定期体检,餐补",后端开发,上海
65,北京步峰信息技术有限公司,步峰信息,50-150人,不需要融资,海淀区,java开发工程师,5-10年,本科,20k-30k,项目好，长期稳定，薪资高，五险一金，双休,"移动互联网,企业服务",开发|测试|运维类,,后端开发,北京
66,上海文思海辉金信软件有限公司,文思海辉・金融,2000人以上,不需要融资,朝阳区,Java工程师,3-5年,本科,11k-20k,团队氛围好,"移动互联网,金融",开发|测试|运维类,"带薪年假,定期体检,节日礼物,五险一金",后端开发,北京
67,深圳市嘉立创科技发展有限公司,深圳嘉立创,500-2000人,不需要融资,福田区,java高级开发工程师,5-10年,本科,16k-25k,平台稳定 绩效奖金 技术栈先进,"电商,企业服务",开发|测试|运维类,"高成长,实业+互联网,行业领头羊,创新",后端开发,深圳
68,上海西樵软件有限公司,西樵软件,50-150人,未融资,浦东新区,java开发工程师,3-5年,本科,11k-17k,微服务，技术新,"金融,软件开发",开发|测试|运维类,,后端开发,上海
69,深圳市云积分科技有限公司,云积互动,150-500人,天使轮,雁塔区,java开发工程师,5-10年,本科,12k-24k,双休、年终奖、节日福利、五险一金,"企业服务,移动互联网",开发|测试|运维类,"带薪年假,年轻团队,股票期权,下午茶",后端开发,西安
70,上海星艾网络科技有限公司,么么直播,50-150人,不需要融资,闵行区,高级Java开发工程师,3-5年,本科,20k-35k,行业好，发展潜力大，氛围好，福利好,"移动互联网,社交",开发|测试|运维类,"扁平管理,节日礼物,年度旅游,五险一金",后端开发,上海
71,武汉楚匠网络科技有限公司,楚匠网络,15-50人,未融资,江汉区,java高级开发工程师,3-5年,大专,12k-20k,"发展空间大,薪资有竞争力",软件开发,开发|测试|运维类,"每日餐补,绩效奖金,专项奖金,年度旅游",后端开发,武汉
72,北京金鸿睿信息科技有限公司,金鸿睿,15-50人,未融资,海淀区,java开发工程师,3-5年,大专,13k-18k,发展空间大、快速提升自己,"数据服务,软件开发",开发|测试|运维类,,后端开发,北京
73,亿达信息技术有限公司,亿达信息,2000人以上,上市公司,南山区,java开发工程师,3-5年,本科,13k-17k,六险一金、年终奖、周末双休,"企业服务,人工智能",开发|测试|运维类,,后端开发,深圳
74,中邮信息科技（北京）有限公司,中邮信息科技（北京）有限公司,500-2000人,不需要融资,西城区,java开发工程师,3-5年,本科,15k-30k,补充医疗、企业年金、年度体检、食堂、补贴,"移动互联网,其他",开发|测试|运维类,"技能培训,六险二金,多样技术环境,平台稳定",后端开发,北京
75,上海星艾网络科技有限公司,么么直播,50-150人,不需要融资,闵行区,Java开发工程师,1-3年,本科,15k-30k,直播社交 独角兽企业，福利待遇完善,"移动互联网,社交",开发|测试|运维类,"扁平管理,节日礼物,年度旅游,五险一金",后端开发,上海
76,北京达佳互联信息技术有限公司,快手,2000人以上,D轮及以上,海淀区,高级java开发工程师,3-5年,本科,25k-50k,福利好,文娱丨内容,开发|测试|运维类,"股票期权,弹性工作,定期体检,岗位晋升",后端开发,北京
77,北京达佳互联信息技术有限公司,快手,2000人以上,D轮及以上,海淀区,java高级开发工程师,3-5年,本科,15k-30k,短视频头部 福利多多 薪酬高,文娱丨内容,开发|测试|运维类,"股票期权,弹性工作,定期体检,岗位晋升",后端开发,北京
78,贝壳找房（北京）科技有限公司,贝壳,2000人以上,上市公司,海淀区,java开发工程师,3-5年,本科,30k-40k,发展空间大、福利好、免费三餐,房产家居,开发|测试|运维类,"股票期权,带薪年假,绩效奖金,扁平管理",后端开发,北京
79,贝壳找房（北京）科技有限公司,贝壳,2000人以上,上市公司,越秀区,java工程师,3-5年,本科,15k-25k,大平台，成长空间大，福利好,房产家居,开发|测试|运维类,"股票期权,带薪年假,绩效奖金,扁平管理",后端开发,广州
80,杭州涂鸦信息技术有限公司,涂鸦智能,500-2000人,C轮,南山区,高级Java开发工程师（物联网）,5-10年,本科,15k-30k,"独角兽,行业精英","移动互联网,硬件",开发|测试|运维类,"5星办公环境,年底奖金,团队牛B,五险一金",后端开发,深圳
81,杭州涂鸦信息技术有限公司,涂鸦智能,500-2000人,C轮,余杭区,Java开发工程师（saas业务）,3-5年,本科,15k-30k,行业发展迅猛,"移动互联网,硬件",开发|测试|运维类,"5星办公环境,年底奖金,团队牛B,五险一金",后端开发,杭州
82,深圳市德科科技有限公司,德科科技,15-50人,未融资,南山区,java开发工程师,1-3年,本科,8k-16k,和有理想的年轻人一起工作,企业服务,开发|测试|运维类,"带薪年假,绩效奖金,岗位晋升,年度旅游",后端开发,深圳
83,北京集顺工程咨询有限公司,龙湖集团,2000人以上,上市公司,朝阳区,java开发工程师,5-10年,本科,18k-25k,大平台、福利优,其他,开发|测试|运维类,,后端开发,北京
84,北京藜麦信息技术有限责任公司,藜麦信息,50-150人,不需要融资,昌平区,java开发工程师,1-3年,本科,10k-15k,十三薪，带薪年假，饭补，加班费，五险一金,"移动互联网,数据服务",开发|测试|运维类,"年底双薪,股票期权,带薪年假,定期体检",后端开发,北京
85,上海艾融软件股份有限公司,艾融股份,500-2000人,上市公司,浦东新区,java开发工程师,不限,本科,10k-18k,五险一金、晋升机制、团队氛围和谐,"移动互联网,金融",开发|测试|运维类,"互联网金融,股票期权,顶级银行工程,技术大牛",后端开发,上海
86,上海浩宜信息科技有限公司,上海浩宜信息科技有限公司,150-500人,不需要融资,天河区,java开发工程师,1-3年,本科,8k-15k,做五休二，季度绩效、五险一金、定期团建,"数据服务,人工智能",开发|测试|运维类,"绩效奖金,定期体检,股票期权,通讯津贴",后端开发,广州
87,深圳市法本信息技术股份有限公司,法本信息,2000人以上,上市公司,南山区,java开发工程师,3-5年,本科,14k-25k,SpringBoot、Spring Cloud、SpringMVC,"企业服务,软件开发",开发|测试|运维类,,后端开发,深圳
88,维恩贝特科技有限公司,维恩贝特,500-2000人,上市公司,南山区,Java开发工程师,3-5年,本科,13k-16k,提供腾讯班车，食堂，平台好，高薪资福利待遇,电商,开发|测试|运维类,"年底双薪,五险一金,通讯津贴,交通补助",后端开发,深圳
89,北京达佳互联信息技术有限公司,快手,2000人以上,D轮及以上,海淀区,高级Java开发工程师,3-5年,本科,30k-60k,"年终奖,一日三餐,下午茶,住房补贴",文娱丨内容,开发|测试|运维类,"股票期权,弹性工作,定期体检,岗位晋升",后端开发,北京
90,北京达佳互联信息技术有限公司,快手,2000人以上,D轮及以上,海淀区,Java开发工程师,不限,本科,18k-25k,福利好,文娱丨内容,开发|测试|运维类,"股票期权,弹性工作,定期体检,岗位晋升",后端开发,北京
91,贝壳找房（北京）科技有限公司,贝壳,2000人以上,上市公司,海淀区,java开发工程师,3-5年,本科,25k-50k,三餐免费，春节10天假，大厂有的我们都有,房产家居,开发|测试|运维类,"股票期权,带薪年假,绩效奖金,扁平管理",后端开发,北京
92,贝壳找房（北京）科技有限公司,贝壳,2000人以上,上市公司,海淀区,Java开发工程师,3-5年,本科,20k-30k,六险二金，包三餐，福利好,房产家居,开发|测试|运维类,"股票期权,带薪年假,绩效奖金,扁平管理",后端开发,北京
93,杭州涂鸦信息技术有限公司,涂鸦智能,500-2000人,C轮,西湖区,Java架构师-SaaS平台,5-10年,本科,25k-40k,发展前景 IoT AI,"移动互联网,硬件",开发|测试|运维类,"5星办公环境,年底奖金,团队牛B,五险一金",后端开发,杭州
94,杭州涂鸦信息技术有限公司,涂鸦智能,500-2000人,C轮,南山区,Java研发架构师,5-10年,本科,25k-35k,技术氛围浓厚，领导超级好,"移动互联网,硬件",开发|测试|运维类,"5星办公环境,年底奖金,团队牛B,五险一金",后端开发,深圳
95,杭州观远数据有限公司,观远数据,150-500人,B轮,余杭区,java开发工程师,3-5年,本科,15k-30k,"最前沿技术,牛逼团队,广阔空间,成长回报","企业服务,数据服务",开发|测试|运维类,"绩效奖金,带薪年假,弹性工作,扁平管理",后端开发,杭州
96,上海易立德信息技术股份有限公司深圳分公司,易立德,500-2000人,不需要融资,龙岗区,高级java开发工程师,5-10年,本科,14k-28k,浮动年终奖 每年两次调薪,软件开发,开发|测试|运维类,,后端开发,深圳
97,上海炫伍科技股份有限公司,炫伍科技,50-150人,上市公司,普陀区,高级java开发工程师,5-10年,本科,14k-22k,优质项目、晋升空间大、工作环境好,"文娱丨内容,移动互联网",开发|测试|运维类,"年底双薪,股票期权,带薪年假,定期体检",后端开发,上海
98,北京眼神科技有限公司,眼神科技,150-500人,A轮,高新区,java开发工程师,3-5年,本科,8k-15k,人工智能,"数据服务,信息安全",开发|测试|运维类,,后端开发,济南
99,绿漫科技有限公司,绿漫科技,50-150人,不需要融资,西湖区,java开发工程师,3-5年,本科,10k-20k,五险一金、下午茶、扁平化管理,移动互联网,开发|测试|运维类,"期权激励,绩效奖金,团队活动,年度旅游",后端开发,杭州
100,纳里健康科技有限公司,纳里健康,150-500人,B轮,滨江区,高级java开发工程师,5-10年,本科,20k-25k,医疗划时代产品、快速的发展、丰厚的回报,医疗丨健康,开发|测试|运维类,"股票期权,带薪年假,弹性工作,帅哥多",后端开发,杭州
101,北京点众科技股份有限公司,点众科技,150-500人,不需要融资,海淀区,高级java开发工程师,5-10年,本科,15k-30k,年终奖、年度体检、全额五险一金,"移动互联网,文娱丨内容",开发|测试|运维类,"年底双薪,股票期权,专项奖金,绩效奖金",后端开发,北京
102,北京妙医佳健康科技集团有限公司,妙健康,150-500人,C轮,朝阳区,高级Java开发工程师,3-5年,本科,20k-30k,六险一金 团建活动 带薪年假 定期体检,移动互联网,开发|测试|运维类,"年度旅游,管理规范,六险一金,弹性工作",后端开发,北京
103,跨越速运集团有限公司,跨越速运,2000人以上,不需要融资,宝安区,高级java开发工程师,5-10年,本科,18k-30k,五险一金、月度之星、免息贷款,其他,开发|测试|运维类,"免费班车,带薪年假,管理规范,领导好",后端开发,深圳
104,上海微创软件股份有限公司,微创软件,2000人以上,不需要融资,西湖区,java开发工程师,不限,大专,10k-20k,领导好，同事好，上升快，发展好，环境好,"企业服务,移动互联网",开发|测试|运维类,"绩效奖金,带薪年假,定期体检,弹性工作",后端开发,杭州
105,杭州老爸标准技术集团有限公司,老爸评测,150-500人,不需要融资,江干区,java开发工程师,5-10年,本科,15k-25k,"六险一金,定期体检,团队活动,地铁站边","电商,文娱丨内容",开发|测试|运维类,"年底双薪,绩效奖金,带薪年假,定期体检",后端开发,杭州
106,深圳市泛融云计算研究院,深圳市泛融云计算研究院,50-150人,未融资,南山区,java,5-10年,不限,15k-30k,福利好 待遇优 前景好 空间大,"企业服务,数据服务",开发|测试|运维类,"边缘计算,云计算,人工智能,5G",后端开发,深圳
107,深圳市动能无线传媒有限公司,动能无线,50-150人,未融资,南山区,高级java开发工程师,3-5年,本科,15k-25k,季度奖，平台大，五险一金，领导nice,"移动互联网,广告营销",开发|测试|运维类,"年底双薪,午餐补助,带薪年假,绩效奖金",后端开发,深圳
108,丰疆智能（深圳）有限公司,丰疆智能,150-500人,不需要融资,南山区,高级java开发工程师,5-10年,本科,15k-30k,五险一金,人工智能,开发|测试|运维类,,后端开发,深圳
109,上海微创软件股份有限公司,微创软件,2000人以上,不需要融资,江夏区,java开发工程师,3-5年,本科,10k-15k,独角兽、大牛云集、扁平化、挑战高、成长快,"企业服务,移动互联网",开发|测试|运维类,"绩效奖金,带薪年假,定期体检,弹性工作",后端开发,武汉
110,成都至钦科技有限公司,至钦科技,15-50人,不需要融资,武侯区,java开发工程师,5-10年,本科,15k-25k,高并发、大用户量场景、直播、音视频、IM,社交,开发|测试|运维类,,后端开发,成都
111,成都伦索科技有限公司,伦索科技,15-50人,不需要融资,高新区,java开发工程师,3-5年,本科,13k-15k,弹性上班，双休，福利多，氛围佳，前景大,"文娱丨内容,电商",开发|测试|运维类,"年底多薪,发展空间大,数字媒体,福利丰富",后端开发,成都
112,深圳市嘉立创科技发展有限公司,深圳嘉立创,500-2000人,不需要融资,福田区,java开发工程师,3-5年,本科,14k-22k,平台稳定 丰厚的绩效奖金 技术栈先进,"电商,企业服务",开发|测试|运维类,"高成长,实业+互联网,行业领头羊,创新",后端开发,深圳
113,深圳彩智慧网络有限公司,彩智慧,15-50人,未融资,龙华新区,java开发工程师,3-5年,本科,13k-25k,清华、IBM资深专家带队，多元化工程师,"数据服务,移动互联网",开发|测试|运维类,,后端开发,深圳
114,北京直真科技股份有限公司,直真科技,500-2000人,上市公司,郫县,Java开发工程师,1-3年,本科,8k-16k,"弹性工作,周末双休,五险一金,氛围轻松",软件开发,开发|测试|运维类,,后端开发,成都
115,北京直真科技股份有限公司,直真科技,500-2000人,上市公司,郫县,java开发工程师,5-10年,本科,15k-20k,"弹性工作,周末双休,五险一金,氛围轻松",软件开发,开发|测试|运维类,,后端开发,成都
116,易宝软件科技（南京）有限公司,易宝软件科技（南京）有限公司,150-500人,上市公司,雨花台区,java开发工程师,1-3年,本科,12k-17k,双休，加班少，氛围好，薪资福利待遇好。,移动互联网,开发|测试|运维类,,后端开发,南京
117,杭州博彦信息技术有限公司,博彦科技,2000人以上,上市公司,西湖区,高级java开发工程师,3-5年,大专,14k-20k,大平台 大牛带队 有竞争力的薪资,"移动互联网,电商",开发|测试|运维类,"领导好,技能培训,管理规范,扁平管理",后端开发,杭州
118,赞同科技股份有限公司广州分公司,赞同科技,2000人以上,不需要融资,天河区,java开发工程师,1-3年,本科,8k-15k,基础研发,金融,开发|测试|运维类,,后端开发,广州
119,深圳对对科技有限公司,对对科技,50-150人,B轮,南山区,高级java开发工程师,5-10年,本科,25k-50k,"股票期权,周末双休,国内外旅游,行业爆发","移动互联网,社交",开发|测试|运维类,"绩效奖金,五险一金,领导耐撕,节日礼物",后端开发,深圳
120,成都揽明月科技有限公司,揽明月,50-150人,天使轮,高新区,高级java开发工程师,3-5年,本科,10k-20k,"技术氛围浓,花式下午茶,弹性上班","教育,文娱丨内容",开发|测试|运维类,"年终分红,弹性工作,扁平管理",后端开发,成都
121,无限云（厦门）信息科技有限公司,PaaSoo 无限云科技,15-50人,不需要融资,思明区,java开发工程师,3-5年,大专,8k-15k,良好的工作环境、人性化管理,企业服务,开发|测试|运维类,"专项奖金,股票期权,带薪年假,绩效奖金",后端开发,厦门
122,武汉朗蕴科技有限公司,朗蕴科技,50-150人,未融资,武汉经济技术开发区,java开发工程师,1-3年,大专,6k-9k,做五休二,移动互联网,开发|测试|运维类,"带薪年假,定期体检,周末双休,五险一金",后端开发,武汉
123,深圳市法本信息技术股份有限公司,法本信息,2000人以上,上市公司,南山区,java开发工程师,3-5年,大专,13k-20k,季度奖金 年终奖 朝九晚六 周末双休,"企业服务,软件开发",开发|测试|运维类,,后端开发,深圳
124,北京达佳互联信息技术有限公司,快手,2000人以上,D轮及以上,海淀区,高级java研发工程师,5-10年,本科,35k-55k,发展潜力好，福利待遇高,文娱丨内容,开发|测试|运维类,"股票期权,弹性工作,定期体检,岗位晋升",后端开发,北京
125,湖南长城信息金融设备有限责任公司,长城金融,500-2000人,上市公司,长沙县,java开发工程师,3-5年,不限,10k-15k,"朝阳行业,央企,五百强",移动互联网,开发|测试|运维类,,后端开发,长沙
126,北京联龙博通电子商务技术有限公司,联龙博通,2000人以上,D轮及以上,芙蓉区,java开发工程师,3-5年,本科,8k-15k,五险一金 周末双休 绩效奖金 餐饮补助,"移动互联网,电商",开发|测试|运维类,"节日礼物,技能培训,带薪年假,绩效奖金",后端开发,长沙
127,北京联龙博通电子商务技术有限公司,联龙博通,2000人以上,D轮及以上,海淀区,java工程师,3-5年,本科,12k-17k,五险一金 周末双休 绩效奖金 餐饮补助,"移动互联网,电商",开发|测试|运维类,"节日礼物,技能培训,带薪年假,绩效奖金",后端开发,北京
128,上海艾融软件股份有限公司,艾融股份,500-2000人,上市公司,浦东新区,Java,3-5年,本科,15k-18k,地铁出口 上市公司,"移动互联网,金融",开发|测试|运维类,"互联网金融,股票期权,顶级银行工程,技术大牛",后端开发,上海
129,杭州边锋网络技术有限公司,边锋,2000人以上,不需要融资,西湖区,java高级开发工程师,3-5年,本科,18k-25k,"免打卡,待遇佳,环境好","移动互联网,游戏",开发|测试|运维类,"五险一金,交通补助,绩效奖金,节日礼物",后端开发,杭州
130,上海维信荟智金融科技有限公司,维信金科,2000人以上,上市公司,虹口区,高级java开发工程师,3-5年,本科,20k-30k,周末双休 扁平化管理 团队氛围佳,金融,开发|测试|运维类,"技能培训,节日礼物,年底双薪,带薪年假",后端开发,上海
131,北京联龙博通电子商务技术有限公司,联龙博通,2000人以上,D轮及以上,海淀区,Java工程师,5-10年,大专,15k-20k,"五险一金,节日福利,年终奖金,周末双休","移动互联网,电商",开发|测试|运维类,"节日礼物,技能培训,带薪年假,绩效奖金",后端开发,北京
132,上海海万信息科技股份有限公司,海万科技,500-2000人,不需要融资,浦东新区,JAVA开发工程师,不限,本科,13k-19k,"节日礼金,体检，旅游,五险一金","移动互联网,金融",开发|测试|运维类,,后端开发,上海
133,易联支付有限公司,易联支付,150-500人,未融资,天河区,高级java开发工程师,5-10年,大专,16k-23k,领导好 技能培训 岗位晋升 发展空间大,"移动互联网,金融",开发|测试|运维类,"五险一金,带薪年假,节日礼物,午餐补助",后端开发,广州
134,北京国双科技有限公司,Gridsum 国双,500-2000人,上市公司,海淀区,高级java开发工程师,5-10年,本科,15k-30k,大数据企业、大数据平台产品、技术牛人,"数据服务,企业服务",开发|测试|运维类,"节日礼物,年底双薪,带薪年假,午餐补助",后端开发,北京
135,成都天府通金融服务股份有限公司,天府通,50-150人,不需要融资,武侯区,Java开发工程师,3-5年,本科,10k-18k,"周末双休,带薪年假","移动互联网,金融",开发|测试|运维类,,后端开发,成都
136,杭州博彦信息技术有限公司,博彦科技,2000人以上,上市公司,越秀区,java开发工程师,3-5年,本科,11k-13k,团队nice，环境好,"移动互联网,电商",开发|测试|运维类,"领导好,技能培训,管理规范,扁平管理",后端开发,广州
137,北京新锐在线科技有限公司,新锐在线,150-500人,未融资,大兴区,Java开发工程师,1-3年,本科,7k-13k,五险一金，补充医疗，综合补助,"移动互联网,企业服务",开发|测试|运维类,"技能培训,带薪年假,绩效奖金,岗位晋升",后端开发,北京
138,北京聚和天成科技有限公司,北京聚和天成科技有限公司,50-150人,不需要融资,海淀区,Java开发工程师,3-5年,本科,15k-30k,"五险一金,科技创新,区块链","移动互联网,金融",开发|测试|运维类,"专项奖金,年终分红,带薪年假,定期体检",后端开发,北京
139,北京百炼智能科技有限公司,百炼智能,15-50人,A轮,朝阳区,java开发工程师,1-3年,本科,15k-25k,带薪年假、扁平管理、五险一金、发展空间大,"数据服务,人工智能",开发|测试|运维类,,后端开发,北京
140,上海钢软信息技术工程股份有限公司,上海钢软,500-2000人,上市公司,宝山区,Java高级开发工程师,5-10年,本科,20k-40k,发展前景可观,"移动互联网,电商",开发|测试|运维类,"专项奖金,带薪年假,绩效奖金,定期体检",后端开发,上海
141,江西高创保安服务技术有限公司,高创保安,50-150人,B轮,江干区,java开发工程师,1-3年,本科,7k-13k,年终奖 生日福利 三节福利 团建 牛人团队,人工智能,开发|测试|运维类,,后端开发,杭州
142,广州雳德信息科技有限公司,雳德,50-150人,未融资,天河区,java工程师,5-10年,本科,15k-22k,加班少，牛人多多，大平台，大项目,"移动互联网,其他",开发|测试|运维类,"五险一金,弹性工作,年度旅游,岗位晋升",后端开发,广州
143,深圳市爱租机科技有限公司,爱租机,150-500人,B轮,南山区,高级java开发工程师,3-5年,本科,18k-22k,五险一金、年度体检、员工团建、调薪激励,移动互联网,开发|测试|运维类,"年底双薪,股票期权,带薪年假,交通补助",后端开发,深圳
144,深圳市顺丰国际物流有限公司,顺丰国际,2000人以上,上市公司,南山区,高级java开发工程师,5-10年,本科,20k-35k,国际业务,其他,开发|测试|运维类,,后端开发,深圳
145,上海阜极科技有限公司,阜坤信息,150-500人,未融资,浦东新区,java开发工程师,1-3年,大专,6k-11k,团队和谐 环境好 同事Nice,"移动互联网,金融",开发|测试|运维类,,后端开发,上海
146,苏州工业园区凌志软件股份有限公司,凌志软件,2000人以上,上市公司,吴中区,java开发工程师,3-5年,本科,10k-17k,上市公司，待遇优渥,金融,开发|测试|运维类,"技能培训,年底双薪,免费班车,带薪年假",后端开发,苏州
147,北京瑞丹金路科技有限公司,瑞丹金路,15-50人,未融资,朝阳区,java工程师,1-3年,本科,15k-25k,地铁周边、带薪年假、五险一金、节日福利,软件开发,开发|测试|运维类,,后端开发,北京
148,北京步峰信息技术有限公司,步峰信息,50-150人,不需要融资,海淀区,java开发工程师,1-3年,本科,10k-16k,环境优美，交通便利,"移动互联网,企业服务",开发|测试|运维类,,后端开发,北京
149,陕西康德曼信息技术有限公司,康德曼,50-150人,未融资,城关区,java开发工程师,3-5年,本科,6k-10k,&nbsp;带薪年假 商业保险,"移动互联网,电商",开发|测试|运维类,,后端开发,兰州
150,广州合摩计算机科技有限公司,爱员工,150-500人,B轮,朝阳区,java开发工程师,3-5年,本科,18k-35k,"创业团队,架构扁平,上升空间大",移动互联网,开发|测试|运维类,,后端开发,北京
151,深圳三代人科技有限公司,三代人科技,150-500人,不需要融资,南山区,高级java开发工程师,5-10年,本科,18k-25k,周末双休，年终奖，千万级用户产品,"移动互联网,医疗丨健康",开发|测试|运维类,"股票期权,绩效奖金,扁平管理,五险一金",后端开发,深圳
152,北京猿力未来科技有限公司,猿辅导,2000人以上,D轮及以上,朝阳区,java开发工程师,3-5年,本科,25k-50k,"精英团队,独角兽公司,扁平化管理","移动互联网,教育",开发|测试|运维类,"股票期权,年底双薪,五险一金,带薪年假",后端开发,北京
153,北京通铭教育科技股份有限公司,通铭教育,150-500人,上市公司,海淀区,java开发工程师,1-3年,本科,12k-15k,技术大牛,"企业服务,教育",开发|测试|运维类,"年底双薪,带薪年假,绩效奖金,岗位晋升",后端开发,北京
154,紫光云数科技有限公司,紫光云数,2000人以上,不需要融资,朝阳区,java开发工程师,不限,本科,7k-14k,"六险一金,薪资全额","企业服务,数据服务",开发|测试|运维类,"交通补助,定期体检,年底双薪,帅哥多",后端开发,北京
155,杭州一知智能科技有限公司,一知智能,50-150人,A轮,萧山区,Java工程师,3-5年,本科,13k-25k,"技术氛围浓,五险一金,优福利待遇","移动互联网,数据服务",开发|测试|运维类,"股票期权,带薪年假,通讯津贴,午餐补助",后端开发,杭州
156,广州雳德信息科技有限公司,雳德,50-150人,未融资,天河区,java开发工程师,3-5年,大专,10k-13k,绩效奖金/各项补贴/双休/带薪年假,"移动互联网,其他",开发|测试|运维类,"五险一金,弹性工作,年度旅游,岗位晋升",后端开发,广州
157,上海机场国际旅行社有限公司,机场国旅,500-2000人,未融资,长宁区,java高级开发工程师,3-5年,本科,22k-36k,额外年休假 晋升空间大 扁平化管理 领导好,旅游,开发|测试|运维类,"股票期权,绩效奖金,带薪年假,定期体检",后端开发,上海
158,成都开心音符科技有限公司,开心音符,15-50人,A轮,高新区,java开发工程师,3-5年,本科,15k-25k,年终奖 团建 下午茶,"社交,软件开发",开发|测试|运维类,,后端开发,成都
159,北京步峰信息技术有限公司,步峰信息,50-150人,不需要融资,石景山区,Java,1-3年,大专,12k-20k,办公环境优雅，氛围轻松，位置交通便利。,"移动互联网,企业服务",开发|测试|运维类,,后端开发,北京
160,深圳市法本信息技术股份有限公司,法本信息,2000人以上,上市公司,南山区,java开发工程师,1-3年,本科,10k-14k,办公场所高大上，人性化管理，发展前景好,"企业服务,软件开发",开发|测试|运维类,,后端开发,深圳
161,上海微创软件股份有限公司,微创软件,2000人以上,不需要融资,徐汇区,java开发工程师,3-5年,本科,13k-17k,大平台、人工智能,"企业服务,移动互联网",开发|测试|运维类,"绩效奖金,带薪年假,定期体检,弹性工作",后端开发,上海
162,上海洋码头网络技术有限公司,洋码头,150-500人,D轮及以上,静安区,java开发工程师,3-5年,本科,20k-30k,跨境黄埔军校 成长空间大 弹性工作 牛人多,"移动互联网,电商",开发|测试|运维类,"五险一金,年度旅游,午餐补助,定期体检",后端开发,上海
163,深圳航天信息有限公司,深圳航信,500-2000人,上市公司,福田区,java工程师,3-5年,本科,10k-20k,五险一金 国企 领导好 氛围好,"信息安全,数据服务",开发|测试|运维类,,后端开发,深圳
164,深圳市博悦科创科技有限公司,博悦科创,500-2000人,不需要融资,南山区,JAVA开发工程师,1-3年,大专,10k-18k,"JAVA,五险一金,年终奖,节日福利",移动互联网,开发|测试|运维类,"年底双薪,定期体检,绩效奖金,技能培训",后端开发,深圳
165,上海微创软件股份有限公司,微创软件,2000人以上,不需要融资,闵行区,高级java开发工程师,3-5年,大专,15k-25k,独角兽 大牛云集 扁平化 挑战高 成长快,"企业服务,移动互联网",开发|测试|运维类,"绩效奖金,带薪年假,定期体检,弹性工作",后端开发,上海
166,深圳白骑士科技有限公司,白骑士,50-150人,A轮,南山区,高级java开发工程师,3-5年,本科,18k-35k,发展前景，成长空间，行业大牛，培训机制,"企业服务,金融",开发|测试|运维类,"发展前景,成长空间,扁平管理,体系化运营",后端开发,深圳
167,上海亦存网络科技有限公司,坚果云,50-150人,不需要融资,浦东新区,高级Java开发工程师,3-5年,本科,24k-25k,"技术前沿,扁平化管理，年终奖丰厚","企业服务,数据服务",开发|测试|运维类,"技能培训,带薪年假,五险一金,住房补贴",后端开发,上海
168,广州合摩计算机科技有限公司,爱员工,150-500人,B轮,天河区,JAVA开发工程师,3-5年,本科,15k-25k,"牛人多,架构扁平,上升空间大",移动互联网,开发|测试|运维类,,后端开发,广州
169,杭州涂鸦信息技术有限公司,涂鸦智能,500-2000人,C轮,南山区,Java开发工程师-深圳,3-5年,不限,15k-25k,弹性工作 独角兽 年度旅游 带薪年假,"移动互联网,硬件",开发|测试|运维类,"5星办公环境,年底奖金,团队牛B,五险一金",后端开发,深圳
170,海尔集团,海尔集团,2000人以上,上市公司,松江区,高级java开发工程师,5-10年,本科,20k-30k,行业前景好 公司背景强大,"物联网,电商",开发|测试|运维类,"节日礼物,带薪年假,扁平管理,五险一金",后端开发,上海
171,厦门亿联网络技术股份有限公司深圳分公司,亿联网络,500-2000人,上市公司,南山区,java开发工程师,3-5年,本科,15k-25k,16薪，五险一金，多次调薪,移动互联网 硬件,开发|测试|运维类,"年底双薪,带薪年假,定期体检,股票期权",后端开发,深圳
172,武汉佰钧成技术有限责任公司,武汉佰钧成技术有限责任公司,2000人以上,不需要融资,武汉经济技术开发区,java开发工程师,3-5年,本科,10k-15k,发展前景,移动互联网,开发|测试|运维类,"带薪年假,计算机软件,管理规范,定期体检",后端开发,武汉
173,武汉佰钧成技术有限责任公司,武汉佰钧成技术有限责任公司,2000人以上,不需要融资,龙华新区,Java开发工程师,3-5年,本科,30k-50k,晋升空间大，入职缴纳六险一金,移动互联网,开发|测试|运维类,"带薪年假,计算机软件,管理规范,定期体检",后端开发,深圳
174,杭州米络星科技（集团）有限公司,米络星科技,500-2000人,不需要融资,拱墅区,高级java开发工程师,5-10年,本科,20k-30k,福利待遇良好，公司前景不错,移动互联网,开发|测试|运维类,"年底双薪,绩效奖金,专项奖金,五险一金",后端开发,杭州
175,北京北明数科信息技术有限公司,北明数科,150-500人,不需要融资,天河区,java高级开发工程师,3-5年,本科,15k-30k,六险一金、带薪年假、班车、餐补、房补、免费体检,移动互联网,开发|测试|运维类,,后端开发,广州
176,成都鼎安华智慧物联网股份有限公司,成都鼎安华,50-150人,未融资,高新区,高级java开发工程师,5-10年,本科,18k-22k,六险一金，晋升空间大，团队氛围好,"移动互联网,数据服务",开发|测试|运维类,"绩效奖金,通讯津贴,年度旅游,领导好",后端开发,成都
177,北京同程旅业投资集团有限公司,同程旅业,2000人以上,未融资,工业园区,java,3-5年,本科,10k-15k,发展前景好,旅游,开发|测试|运维类,,后端开发,苏州
178,章鱼风云互联网科技（北京）有限公司,章鱼风云,50-150人,未融资,朝阳区,java开发工程师,3-5年,本科,18k-25k,七险一金、弹性工时、各类补助,体育 文娱丨内容,开发|测试|运维类,,后端开发,北京
179,大启科技（上海）有限公司,大启科技,15-50人,不需要融资,徐汇区,java开发工程师,3-5年,本科,20k-30k,加班少环境氛围好、福利待遇好,软件开发,开发|测试|运维类,,后端开发,上海
180,上海顶昂信息科技有限公司,上海顶昂,50-150人,不需要融资,静安区,JAVA高级开发工程师,5-10年,本科,15k-20k,"五险一金,商业保险,员工福利,年轻团队","移动互联网,硬件",开发|测试|运维类,"带薪年假,节日礼物,五险一金,扁平管理",企业软件,上海
181,杭州格像科技有限公司,爱自拍,50-150人,A轮,西湖区,java高级开发工程师,3-5年,本科,18k-28k,六险一金、年度旅游、年度体检、年休假,移动互联网,开发|测试|运维类,"午餐补助,年度旅游,弹性工作,领导好",后端开发,杭州
182,广州回头车信息科技有限公司,省省回头车,150-500人,A轮,雨花台区,java开发工程师,3-5年,本科,15k-30k,行业发展前景,消费生活,开发|测试|运维类,"五险一金,带薪年假,年度旅游,岗位晋升",后端开发,南京
183,湖南特能博世科技有限公司,特能博世科技,150-500人,未融资,天心区,JAVA开发工程师,3-5年,本科,10k-15k,差旅补助 季度奖金 年终奖金,"数据服务,其他",开发|测试|运维类,"绩效奖金,带薪年假,定期体检,年终分红",后端开发,长沙
184,杭州半云科技有限公司,半云科技,150-500人,天使轮,西湖区,java开发工程师,1-3年,本科,6k-12k,节日福利、定期体检、六险一金、绩效奖金,移动互联网,开发|测试|运维类,,后端开发,杭州
185,医声医事（北京）科技有限公司,医声医事,50-150人,A轮,海淀区,高级java开发工程师,3-5年,本科,20k-30k,五险一金、带薪年假、地铁周边、领导nice,"医疗丨健康,软件开发",开发|测试|运维类,"岗位晋升,五险一金,带薪年假,年底奖金",后端开发,北京
186,瞬联软件科技（北京）有限公司,瞬联软件科技（北京）有限公司,500-2000人,不需要融资,西湖区,Java开发工程师,1-3年,本科,10k-20k,六险一金 双休 带薪年假 体检,"移动互联网,企业服务",开发|测试|运维类,"高薪,节日礼物,弹性工作,带薪年假",后端开发,杭州
187,北京宇信科技集团股份有限公司,宇信易诚,2000人以上,上市公司,丰台区,java开发工程师,3-5年,本科,12k-15k,业务创新，前沿技术，稳定且有发展空间,企业服务,开发|测试|运维类,"年底双薪,通讯津贴,定期体检,节日礼物",后端开发,北京
188,深圳市优学天下教育发展股份有限公司,优学派智慧教育,500-2000人,未融资,高新区,java开发工程师,3-5年,本科,10k-15k,周末双休 五险一金 年终奖,"教育,移动互联网",开发|测试|运维类,,后端开发,成都
189,威讯柏睿数据科技（北京）有限公司,柏睿数据,50-150人,B轮,城关区,Java,1-3年,本科,5k-9k,大数据 多绩效 BI 数据仓储,"数据服务,信息安全",开发|测试|运维类,"股票期权,专项奖金,带薪年假,弹性工作",后端开发,兰州
190,北京齿轮易创科技有限公司,齿轮易创,50-150人,A轮,历城区,java开发工程师,5-10年,大专,10k-15k,大牛云集 扁平管理 飞速成长 晋升空间,"企业服务,移动互联网",开发|测试|运维类,"年底双薪,高速成长,每周培训,弹性办公时间",后端开发,济南
191,横琴人寿保险有限公司,横琴人寿,150-500人,不需要融资,丰台区,java开发工程师,5-10年,本科,20k-25k,饭补 交通补 通讯补 年终奖 下午茶,金融,开发|测试|运维类,,后端开发,北京
192,深圳前海百递网络有限公司,金蝶快递100,150-500人,A轮,南山区,java开发工程师,5-10年,本科,15k-25k,稳定的盈利能力，六险一金，食堂、班车,"消费生活,移动互联网",开发|测试|运维类,"年底双薪,专项奖金,定期体检,下午茶",后端开发,深圳
193,秒针信息技术有限公司,明略科技集团,2000人以上,D轮及以上,东湖新技术开发区,java开发工程师,1-3年,本科,10k-18k,广阔的职位发展空间 丰厚的薪资福利,"数据服务,广告营销",开发|测试|运维类,"六险一金,年底双薪,绩效奖金,完成E轮融资",后端开发,武汉
194,秒针信息技术有限公司,明略科技集团,2000人以上,D轮及以上,雨花台区,高级java开发工程师,5-10年,本科,20k-25k,广阔的职位发展前景 丰厚的薪资待遇,"数据服务,广告营销",开发|测试|运维类,"六险一金,年底双薪,绩效奖金,完成E轮融资",后端开发,南京
195,上海基煜基金销售有限公司,基煜基金,50-150人,上市公司,杨浦区,java开发工程师,3-5年,本科,15k-20k,互联网金融,其他,开发|测试|运维类,"岗位晋升,五险一金,交通补助,通讯津贴",后端开发,上海
196,成都数聚城堡科技有限公司,DataCastle,15-50人,天使轮,高新区,Java工程师,1-3年,本科,10k-14k,奖金，带薪假，培训，节假日福利，补贴,移动互联网,开发|测试|运维类,"年底双薪,股票期权,带薪年假,午餐补助",后端开发,成都
197,浙江海高控股集团有限公司,海高控股,500-2000人,不需要融资,西湖区,高级java开发工程师,5-10年,本科,20k-30k,福利待遇好,"移动互联网,医疗丨健康",开发|测试|运维类,"年底双薪,绩效奖金,带薪年假,定期体检",后端开发,杭州
198,浙江惠q网络科技有限公司,惠q,50-150人,A轮,萧山区,高级java开发工程师,5-10年,本科,22k-30k,双休，五险一金，团队稳定,软件开发,开发|测试|运维类,"带薪年假,午餐补助,定期体检,年底双薪",后端开发,杭州
199,贝壳找房（北京）科技有限公司,贝壳,2000人以上,上市公司,海淀区,高级java开发工程师,5-10年,本科,30k-60k,六险二金，包三餐，打车报销，弹性,房产家居,开发|测试|运维类,"股票期权,带薪年假,绩效奖金,扁平管理",后端开发,北京
200,秒针信息技术有限公司,明略科技集团,2000人以上,D轮及以上,雨花台区,java工程师,3-5年,本科,15k-20k,广阔的职位发展前景 丰厚的薪资待遇,"数据服务,广告营销",开发|测试|运维类,"六险一金,年底双薪,绩效奖金,完成E轮融资",后端开发,南京
201,浙江钛坦科技有限公司,钛坦科技,50-150人,不需要融资,滨江区,java开发工程师,1-3年,本科,18k-25k,技术研发型公司,"电商,软件开发",开发|测试|运维类,"五险一金,节日礼物,管理规范,岗位晋升",后端开发,杭州
202,杭州半云科技有限公司,半云科技,150-500人,天使轮,鼓楼区,Java开发工程师,1-3年,本科,6k-12k,节日福利、定期体检、六险一金、绩效奖金,移动互联网,开发|测试|运维类,,后端开发,福州
203,深圳白骑士科技有限公司,白骑士,50-150人,A轮,南山区,java工程师,1-3年,本科,8k-15k,发展前景，成长空间，行业大牛，培训机制,"企业服务,金融",开发|测试|运维类,"发展前景,成长空间,扁平管理,体系化运营",后端开发,深圳
204,北京鼎盾信息科技有限公司,鼎盾科技,50-150人,不需要融资,西城区,java开发工程师,1-3年,本科,8k-15k,五险一金 定期体检 发展空间大 弹性工作,移动互联网,开发|测试|运维类,"绩效奖金,五险一金,带薪年假,节日礼物",后端开发,北京
205,广州合摩计算机科技有限公司,爱员工,150-500人,B轮,天河区,高级JAVA开发工程师,5-10年,本科,18k-36k,"拟上市公司,B+轮,技术大牛",移动互联网,开发|测试|运维类,,后端开发,广州
206,深圳市博奥特科技有限公司,博奥特科技,500-2000人,未融资,罗湖区,java开发工程师,5-10年,大专,15k-20k,工作氛围好，项目稳定，假期多，每月下午茶,"移动互联网,金融",开发|测试|运维类,"绩效奖金,领导好,帅哥多,美女多",后端开发,深圳
207,上海微创软件股份有限公司,微创软件,2000人以上,不需要融资,朝阳区,Java开发工程师,3-5年,本科,10k-13k,大平台,"企业服务,移动互联网",开发|测试|运维类,"绩效奖金,带薪年假,定期体检,弹性工作",后端开发,北京
208,微梦创科网络科技（中国）有限公司,微博,2000人以上,上市公司,海淀区,JAVA开发工程师,3-5年,本科,22k-35k,重点项目、技术挑战、高并发应用,文娱丨内容,开发|测试|运维类,"年底双薪,专项奖金,股票期权,五险一金",后端开发,北京
209,萨科（深圳）科技有限公司,鲁班到家,150-500人,未融资,宝安区,java开发工程师,不限,本科,11k-15k,五险一金 带薪年假 节日福利 零食水果,消费生活,开发|测试|运维类,"股票期权,年终分红,零食水果,扁平管理",后端开发,深圳
210,横琴人寿保险有限公司,横琴人寿,150-500人,不需要融资,丰台区,java开发工程师,1-3年,本科,11k-22k,"金融、福利好,核心系统,团队氛围好",金融,开发|测试|运维类,,后端开发,北京
211,上海汇石数字科技有限公司,汇石数科,50-150人,未融资,静安区,java开发工程师,3-5年,本科,15k-25k,发展空间大，薪酬福利好,"移动互联网,金融",开发|测试|运维类,"节日礼物,年底双薪,专项奖金,带薪年假",后端开发,上海
212,北京鸿链科技有限公司,鸿链科技,50-150人,A轮,顺义区,Java,3-5年,本科,12k-24k,"五险一金,十三薪,年底奖金","物联网,软件开发",开发|测试|运维类,"年底双薪,带薪年假,弹性工作,五险一金",后端开发,北京
213,深圳市佐朋数字科技有限公司,佐朋数科,15-50人,天使轮,南山区,Java开发工程师,3-5年,本科,18k-30k,弹性工作制，不限时间，地点，只要完成任务,"企业服务,软件开发",开发|测试|运维类,,后端开发,深圳
214,深圳市法本信息技术股份有限公司,法本信息,2000人以上,上市公司,天河区,java开发工程师,3-5年,大专,13k-22k,五险一金 周末双休 车补 下午茶,"企业服务,软件开发",开发|测试|运维类,,后端开发,广州
215,融捷教育科技有限公司,融捷教育,50-150人,不需要融资,海淀区,java开发工程师,1-3年,本科,12k-15k,十三薪 补充医疗 餐补 交通补助 通讯补助,教育,开发|测试|运维类,,后端开发,北京
216,广州六一信息科技有限公司,六一教育,500-2000人,B轮,天河区,java开发工程师,1-3年,本科,10k-15k,微服务/教育直播/系统重构,教育,开发|测试|运维类,"年底双薪,五险一金,弹性工作,股票期权",后端开发,广州
217,成都厚立信息技术有限公司,厚立信息,50-150人,天使轮,高新区,Java工程师,3-5年,大专,11k-16k,项目奖/交通补助/全勤奖/电脑补贴,"医疗丨健康,数据服务",开发|测试|运维类,"年底双薪,带薪年假,交通补助,定期体检",后端开发,成都
218,武汉微思敦网络技术有限公司,微思敦,150-500人,未融资,南山区,高级Java开发工程师,5-10年,本科,15k-25k,"五险一金,周末双休,年底双薪,半年度调薪","移动互联网,广告营销",开发|测试|运维类,"五险一金,绩效奖金,交通补助,通讯津贴",后端开发,深圳
219,上海诺互汽车服务有限公司,诺互汽车,500-2000人,未融资,普陀区,java开发工程师,1-3年,本科,10k-20k,直播项目,"消费生活,其他",开发|测试|运维类,,后端开发,上海
220,深圳市雪球科技有限公司,雪球科技,50-150人,B轮,浦东新区,高级java开发工程师,3-5年,大专,18k-36k,"商业保险,下午茶，季度团建","移动互联网,信息安全",开发|测试|运维类,"年底双薪,技能培训,岗位晋升,扁平管理",后端开发,上海
221,亚创（上海）工程技术有限公司,Altran （亚创）,2000人以上,上市公司,长宁区,java开发工程师,1-3年,本科,10k-15k,外企 做五休二 不加班,"企业服务,硬件",开发|测试|运维类,"年底双薪,专项奖金,带薪年假,绩效奖金",后端开发,上海
222,北京国双科技有限公司,Gridsum 国双,500-2000人,上市公司,海淀区,高级java开发工程师,3-5年,本科,15k-25k,大数据人工智能企业、绩效奖金、技术牛人,"数据服务,企业服务",开发|测试|运维类,"节日礼物,年底双薪,带薪年假,午餐补助",后端开发,北京
223,环球资源广告（深圳）有限公司,环球资源,500-2000人,上市公司,福田区,Java开发工程师,1-3年,大专,6k-10k,"大平台,福利齐全,培训完善,职业发展好","消费生活,电商",开发|测试|运维类,"年底双薪,定期体检,带薪年假,晋升透明",后端开发,深圳
224,上海顶昂信息科技有限公司,上海顶昂,50-150人,不需要融资,静安区,java开发工程师,3-5年,本科,15k-25k,五险一金，生日福利，员工旅游等,"移动互联网,硬件",开发|测试|运维类,"带薪年假,节日礼物,五险一金,扁平管理",后端开发,上海
225,北京小链科技有限责任公司,北京小链科技有限责任公司,150-500人,B轮,海淀区,高级java开发工程师,5-10年,本科,28k-35k,餐补、饭补、五险一金,区块链,开发|测试|运维类,"年终分红,带薪年假,交通补助,午餐补助",后端开发,北京
226,武汉佰钧成技术有限责任公司,武汉佰钧成技术有限责任公司,2000人以上,不需要融资,东湖新技术开发区,java开发工程师,1-3年,本科,10k-15k,大牛带队，环境nice,移动互联网,开发|测试|运维类,"带薪年假,计算机软件,管理规范,定期体检",后端开发,武汉
227,杭州咿啦科技有限公司,咿啦看书,150-500人,A轮,滨江区,java开发工程师,1-3年,本科,10k-14k,晋升通道敞亮,"教育,软件开发",开发|测试|运维类,"带薪年假,弹性工作,领导好,扁平管理",后端开发,杭州
228,武汉佰钧成技术有限责任公司,武汉佰钧成技术有限责任公司,2000人以上,不需要融资,余杭区,java开发工程师,3-5年,大专,15k-20k,外包到阿里，近距离接触阿里的项目和技术,移动互联网,开发|测试|运维类,"带薪年假,计算机软件,管理规范,定期体检",后端开发,杭州
229,地坪线（北京）科技有限公司,地坪线,150-500人,未融资,海淀区,高级java开发工程师,5-10年,本科,30k-50k,14薪 加班少 领导nice 全额社保公积金,电商,开发|测试|运维类,,后端开发,北京
230,网易（杭州）网络有限公司,网易,2000人以上,上市公司,海淀区,高级Java开发工程师,1-3年,本科,15k-30k,"大厂,福利好,背景好",电商,开发|测试|运维类,"节日礼物,技能培训,免费班车,带薪年假",后端开发,北京
231,网易（杭州）网络有限公司,网易,2000人以上,上市公司,徐汇区,高级Java开发工程师,3-5年,本科,20k-40k,"平台大,团队氛围好,福利好",电商,开发|测试|运维类,"节日礼物,技能培训,免费班车,带薪年假",后端开发,上海
232,深圳市众云网有限公司,众云网,50-150人,不需要融资,南山区,java开发工程师,不限,本科,8k-15k,双休，年终奖，节假日福利,"企业服务,信息安全",开发|测试|运维类,"节日礼物,股票期权,带薪年假,绩效奖金",后端开发,深圳
233,深圳市爱租机科技有限公司,爱租机,150-500人,B轮,南山区,java开发工程师,3-5年,大专,14k-20k,双休 五险一金,移动互联网,开发|测试|运维类,"年底双薪,股票期权,带薪年假,交通补助",后端开发,深圳
234,上海钢软信息技术工程股份有限公司,上海钢软,500-2000人,上市公司,宝山区,Java高级开发工程师,5-10年,本科,25k-35k,发展前景好，团队实力强,"移动互联网,电商",开发|测试|运维类,"专项奖金,带薪年假,绩效奖金,定期体检",后端开发,上海
235,北京怡合春天科技有限公司,本木医疗,50-150人,不需要融资,朝阳区,高级Java开发工程师,5-10年,本科,28k-40k,"薪资高,福利多","移动互联网,消费生活",开发|测试|运维类,"股票期权,专项奖金,绩效奖金,午餐补助",后端开发,北京
236,北京联龙博通电子商务技术有限公司,联龙博通,2000人以上,D轮及以上,南山区,java开发工程师,3-5年,本科,12k-16k,发展前景大 平台好,"移动互联网,电商",开发|测试|运维类,"节日礼物,技能培训,带薪年假,绩效奖金",后端开发,深圳
237,成都博彦软件技术有限公司,博彦科技,2000人以上,上市公司,南山区,java开发工程师,3-5年,大专,12k-18k,发展前景广,"企业服务,软件开发",开发|测试|运维类,,后端开发,深圳
238,上海机场国际旅行社有限公司,机场国旅,500-2000人,未融资,长宁区,Java高级开发工程师,3-5年,本科,15k-30k,机场及携程背景，从0-1开发,旅游,开发|测试|运维类,"股票期权,绩效奖金,带薪年假,定期体检",后端开发,上海
239,北京新数科技有限公司,新数科技,150-500人,A轮,南山区,高级java开发工程师,3-5年,本科,15k-25k,非外包、企业级产品研发、技术公司,企业服务,开发|测试|运维类,"技能培训,股票期权,带薪年假,岗位晋升",后端开发,深圳
240,北京易点淘网络技术有限公司,易点租,500-2000人,D轮及以上,海淀区,高级java开发工程师,3-5年,本科,20k-40k,薪资高，福利好，标配14薪,电商,开发|测试|运维类,"绩效奖金,岗位晋升,五险一金,午餐补助",后端开发,北京
241,上海维信荟智金融科技有限公司,维信金科,2000人以上,上市公司,虹口区,java开发工程师,1-3年,本科,15k-18k,周末双休 扁平化管理 团队氛围佳,金融,开发|测试|运维类,"技能培训,节日礼物,年底双薪,带薪年假",后端开发,上海
242,浙江盘石信息技术股份有限公司,浙江盘石,2000人以上,D轮及以上,拱墅区,高级java开发工程师,5-10年,本科,18k-25k,五险一金、包吃、健身房、带薪年假,"移动互联网,广告营销",开发|测试|运维类,"节日礼物,股票期权,带薪年假,岗位晋升",后端开发,杭州
243,广州东方电科自动化有限公司,东方电科,150-500人,上市公司,萝岗区,java开发工程师,3-5年,本科,8k-15k,六险一金、年度旅行、年度体检、节假日福利,"硬件,其他",开发|测试|运维类,,后端开发,广州
244,贝壳找房（北京）科技有限公司,贝壳,2000人以上,上市公司,海淀区,java高级开发工程师,不限,本科,30k-50k,核心业务、中台建设,房产家居,开发|测试|运维类,"股票期权,带薪年假,绩效奖金,扁平管理",后端开发,北京
245,广州南天电脑系统有限公司,广州南天,500-2000人,上市公司,天河区,java开发工程师,3-5年,本科,10k-13k,"五险一金,年终奖金,带薪年假,节日福利",数据服务,开发|测试|运维类,"五险一金,带薪年假,节日礼物,年终奖金",后端开发,广州
246,广州南天电脑系统有限公司,广州南天,500-2000人,上市公司,番禺区,java开发工程师,1-3年,本科,8k-12k,"五险一金,年终奖金,带薪年假,周末双休",数据服务,开发|测试|运维类,"五险一金,带薪年假,节日礼物,年终奖金",后端开发,广州
247,深圳鲲鹏天下科技有限公司,鲲天下,15-50人,不需要融资,南山区,Java开发工程师,5-10年,大专,14k-24k,环境优 福利好 发展前景好 资金充足,"社交,软件开发",开发|测试|运维类,"年底双薪,带薪年假,交通补助,午餐补助",后端开发,深圳
248,大启科技（上海）有限公司,大启科技,15-50人,不需要融资,徐汇区,高级java开发工程师,5-10年,本科,25k-45k,待遇好加班少，世界五百强新零售，技术大牛,软件开发,开发|测试|运维类,,后端开发,上海
249,深圳无觅科技有限公司,无秘,150-500人,B轮,南山区,高级java开发工程师,3-5年,本科,30k-45k,大牛多 待遇丰厚 扁平化,"移动互联网,金融",开发|测试|运维类,"高速增长,股票期权,小而精,扁平管理",后端开发,深圳
250,深圳微米信息服务有限公司,WIMI LENDING++,50-150人,A轮,南山区,JAVA开发工程师,3-5年,本科,13k-20k,"大牛聚集地,扁平化管理,年轻活力","移动互联网,金融",开发|测试|运维类,"股票期权,定期体检,绩效奖金,专项奖金",后端开发,深圳
251,天津量子时代网络科技有限公司,话本小说,15-50人,A轮,朝阳区,高级java开发工程师,3-5年,本科,20k-40k,不打卡、免费零食、六险一金、住房房补,"移动互联网,文娱丨内容",开发|测试|运维类,"扁平管理,创业企业,弹性工作,平等文化",后端开发,北京
252,深圳道乐科技有限公司,深圳道乐,150-500人,未融资,南山区,java开发工程师,3-5年,本科,10k-20k,"待遇好, 年终奖励,高端资管行业积累","移动互联网,金融",开发|测试|运维类,"年终奖励,成长空间,扁平管理,美女多",后端开发,深圳
253,杭州惠合信息科技有限公司,惠合,50-150人,A轮,西湖区,高级java开发工程师,3-5年,本科,20k-25k,环境好，氛围好，老板好，福利好,"移动互联网,企业服务",开发|测试|运维类,"领导好,绩效奖金,带薪年假,扁平管理",后端开发,杭州
254,杭州涂鸦信息技术有限公司,涂鸦智能,500-2000人,C轮,西湖区,高级Java工程师 - SaaS平台,5-10年,本科,20k-40k,IoT平台引领者，行业独角兽，年轻的团队,"移动互联网,硬件",开发|测试|运维类,"5星办公环境,年底奖金,团队牛B,五险一金",后端开发,杭州
255,广东瀚阳轨道信息科技有限公司,广东瀚阳轨道信息科技...,50-150人,不需要融资,海珠区,高级java开发工程师,5-10年,本科,18k-25k,"六险一金,交通便利,节日礼品,团队氛围好","数据服务,信息安全",开发|测试|运维类,"午餐补助,岗位晋升,五险一金,定期体检",后端开发,广州
256,杭州启博科技有限公司,启博软件,150-500人,A轮,余杭区,java开发工程师,1-3年,大专,11k-17k,工作氛围好， 领导好，晋升空间大，,"移动互联网,电商",开发|测试|运维类,"技能培训,节日礼物,绩效奖金,岗位晋升",后端开发,杭州
257,上海易立德信息技术股份有限公司,易立德,500-2000人,不需要融资,龙岗区,java开发工程师,3-5年,大专,13k-26k,五险一金，年终奖金,移动互联网,开发|测试|运维类,,后端开发,南京
258,天下票仓（上海）网络科技 有限公司,天下票仓,50-150人,A轮,徐汇区,java开发工程师,3-5年,本科,10k-15k,国企工会福利，全额五险一金，生日福利，电影票,电商,开发|测试|运维类,"节日礼物,技能培训,绩效奖金,岗位晋升",后端开发,上海
259,贝壳找房（北京）科技有限公司,贝壳,2000人以上,上市公司,海淀区,JAVA,3-5年,不限,30k-50k,年底四薪，三餐免费，内部机会多，年假多,房产家居,开发|测试|运维类,"股票期权,带薪年假,绩效奖金,扁平管理",后端开发,北京
260,贝壳找房（北京）科技有限公司,贝壳,2000人以上,上市公司,海淀区,java高级开发工程师,3-5年,本科,20k-40k,16薪，免费三餐,房产家居,开发|测试|运维类,"股票期权,带薪年假,绩效奖金,扁平管理",后端开发,北京
261,北京字节跳动科技有限公司,字节跳动,2000人以上,C轮,余杭区,高级java开发工程师,3-5年,本科,20k-40k,横向支持整个字节，国际化,文娱丨内容,开发|测试|运维类,"扁平管理,弹性工作,大厨定制三餐,就近租房补贴",后端开发,杭州
262,深圳太极云软技术有限公司,太极云软,150-500人,上市公司,南山区,java开发工程师,3-5年,本科,10k-15k,弹性工作制 餐补 团队氛围好,软件开发,开发|测试|运维类,,后端开发,深圳
263,杭州华网信息技术有限公司,杭州华网,50-150人,A轮,浔阳区,java开发工程师,1-3年,本科,5k-10k,弹性工作五险一金周末双休带薪年假员工福利,"数据服务,教育",开发|测试|运维类,,后端开发,九江
264,北京达佳互联信息技术有限公司,快手,2000人以上,D轮及以上,海淀区,java开发工程师,不限,本科,20k-40k,房补，下午茶，健身房，商保,文娱丨内容,开发|测试|运维类,"股票期权,弹性工作,定期体检,岗位晋升",后端开发,北京
265,厦门唐普信息技术有限公司,厦门唐普,50-150人,B轮,海淀区,高级java开发工程师,5-10年,大专,16k-20k,周末双休,"企业服务,数据服务",开发|测试|运维类,,后端开发,北京
266,北京字节跳动科技有限公司,字节跳动,2000人以上,C轮,余杭区,Java开发工程师,3-5年,本科,25k-50k,年终奖金 股票期权 六险一金 自助餐,文娱丨内容,开发|测试|运维类,"扁平管理,弹性工作,大厨定制三餐,就近租房补贴",后端开发,杭州
267,仕佳（武汉）信息咨询有限公司,仕佳,150-500人,未融资,江北区,高级java开发工程师,5-10年,本科,15k-20k,福利好，发展稳定,"移动互联网,企业服务",开发|测试|运维类,"绩效奖金,通讯津贴,节日礼物,领导好",后端开发,宁波
268,四川易久易医药科技有限公司,四川易久易,少于15人,未融资,成华区,Java开发工程师,3-5年,本科,10k-12k,鼓励新的想法、观点,医疗丨健康,开发|测试|运维类,,后端开发,成都
269,深圳一数一叶智能科技有限公司,一数一叶智能,50-150人,A轮,南山区,Java开发工程师,3-5年,本科,15k-25k,周末双休，餐补，五险一金，轻松的团队氛围,企业服务,开发|测试|运维类,,后端开发,深圳
270,武汉佰钧成技术有限责任公司,武汉佰钧成技术有限责任公司,2000人以上,不需要融资,余杭区,java高级开发工程师,5-10年,大专,18k-23k,项目稳定、团队氛围好,移动互联网,开发|测试|运维类,"带薪年假,计算机软件,管理规范,定期体检",后端开发,杭州
271,青岛布鲁克斯乐器有限公司,青岛布鲁克斯乐器有限公司,50-150人,天使轮,南山区,Java开发工程师,3-5年,本科,15k-30k,独角兽企业，规模大,文娱丨内容,开发|测试|运维类,,后端开发,深圳
272,上海识装信息科技有限公司,得物App,500-2000人,B轮,杨浦区,Java高级开发工程师,3-5年,不限,20k-35k,组内直推,"移动互联网,电商",开发|测试|运维类,"绩效奖金,带薪年假,定期体检,节日礼物",后端开发,上海
273,云和恩墨（北京）信息技术有限公司,云和恩墨,500-2000人,不需要融资,高新区,java工程师,3-5年,本科,10k-15k,业务前景好，福利待遇好，团队氛围nice,数据服务,开发|测试|运维类,"年底双薪,技能培训,节日礼物,带薪年假",后端开发,成都
274,浙江齐聚科技有限公司北京分公司,齐聚科技（原呱呱视频）,150-500人,C轮,东城区,高级java开发工程师,3-5年,本科,18k-30k,团队氛围轻松融洽 热门行业 发展前景好,"移动互联网,游戏",开发|测试|运维类,"绩效奖金,五险一金,节日礼物,定期体检",后端开发,北京
275,上海见行信息科技有限公司,上海见行,15-50人,A轮,闵行区,java开发工程师,3-5年,不限,10k-20k,根据项目发放绩效，晋升空间很大,"移动互联网,医疗丨健康",开发|测试|运维类,"技能培训,年底双薪,专项奖金,绩效奖金",后端开发,上海
276,上海脉多信息技术有限公司,上海脉多信息技术有限公司,50-150人,D轮及以上,长宁区,Java开发工程师,1-3年,本科,12k-22k,准上市公司、公司稳定，氛围好,"硬件,软件开发",开发|测试|运维类,,后端开发,上海
277,北京峰尚伟业科技有限公司,峰尚伟业,15-50人,不需要融资,海淀区,java开发工程师,1-3年,本科,10k-15k,五险一金 加班补助 带薪年假,移动互联网,开发|测试|运维类,,后端开发,北京
278,浙江深大智能科技有限公司,浙江深大智能科技有限公司,500-2000人,B轮,西湖区,Java开发工程师,5-10年,本科,17k-34k,周末双休 技术分享 技术大牛,"移动互联网,旅游",开发|测试|运维类,"帅哥美女多,高大上办公区,免费旅游,人性化管理",后端开发,杭州
279,贝壳找房（北京）科技有限公司,贝壳,2000人以上,上市公司,海淀区,高级java开发工程师,3-5年,本科,20k-40k,福利多多，薪资优厚，团队氛围好,房产家居,开发|测试|运维类,"股票期权,带薪年假,绩效奖金,扁平管理",后端开发,北京
280,北京字节跳动科技有限公司,字节跳动,2000人以上,C轮,海淀区,Java开发工程师,3-5年,本科,20k-40k,"字节大力支持教育线
大厂福利/学习型团队",文娱丨内容,开发|测试|运维类,"扁平管理,弹性工作,大厨定制三餐,就近租房补贴",后端开发,北京
281,安徽尚禾网络科技有限公司,尚禾网络科技,少于15人,未融资,蜀山区,java高级开发工程师,5-10年,大专,20k-30k,发展前景好，公司氛围融洽,软件开发,开发|测试|运维类,,后端开发,合肥市
282,杭州一知智能科技有限公司,一知智能,50-150人,A轮,萧山区,java开发工程师,在校/应届,本科,8k-15k,"平台好,发展快","移动互联网,数据服务",开发|测试|运维类,"股票期权,带薪年假,通讯津贴,午餐补助",后端开发,杭州
283,常州昊泽信息科技有限公司,昊泽科技,少于15人,天使轮,,Java开发工程师,5-10年,本科,10k-20k,"五险一金,发展空间，行业前景","移动互联网,医疗丨健康",开发|测试|运维类,,后端开发,常州
284,杭州艾迪康医学检验中心有限公司,艾迪康,2000人以上,不需要融资,西湖区,java高级开发工程师,3-5年,本科,18k-22k,加班少，周末双休,医疗丨健康,开发|测试|运维类,"技能培训,节日礼物,岗位晋升,定期体检",后端开发,杭州
285,上海翌擎智能科技有限公司,翌擎智能,150-500人,A轮,武侯区,java开发工程师,3-5年,本科,8k-15k,上升空间大 13薪 技术大牛 六险一金,"移动互联网,数据服务",开发|测试|运维类,"年底双薪,股票期权,带薪年假,交通补助",后端开发,成都
286,大展信息科技（深圳）有限公司,大展信息科技（深圳）有限公司,150-500人,不需要融资,南山区,java开发工程师,3-5年,大专,13k-15k,年终奖 五险一金 年度体检,"企业服务,消费生活",开发|测试|运维类,五险一金,后端开发,深圳
287,北京芬香科技有限公司,芬香科技,150-500人,天使轮,海淀区,高级java开发工程师,3-5年,本科,15k-30k,福利多多,电商,开发|测试|运维类,,后端开发,北京
288,芜湖市众微普惠金融科技有限公司,众微普惠金融,50-150人,不需要融资,包河区,java开发工程师,3-5年,本科,7k-12k,周末双休 节假日福利 五险一金,金融 企业服务,开发|测试|运维类,,后端开发,合肥
289,深圳博沃智慧科技有限公司,博沃智慧,150-500人,未融资,南山区,java开发工程师,1-3年,大专,8k-15k,绩效奖 年终奖,软件开发,开发|测试|运维类,,后端开发,深圳
290,上海乐蜀网络科技股份有限公司,上海乐蜀网络科技股份有限公司,150-500人,上市公司,静安区,java开发工程师,1-3年,本科,12k-20k,行业大牛 班车接送 领导好 高端环境,游戏,开发|测试|运维类,"绩效奖金,带薪年假,年终奖金,节日礼物",后端开发,上海
291,青岛光光网络信息科技有限公司,光光网络,500-2000人,天使轮,海淀区,Java开发工程师,5-10年,本科,30k-45k,晋升空间大，发展规划明确,教育 数据服务,开发|测试|运维类,,后端开发,北京
292,重庆彩虹桥网络技术有限公司,彩虹桥网络,15-50人,未融资,渝中区,Java开发工程师,3-5年,本科,8k-14k,五险一金 双休 工作氛围融洽 扁平化管理,"移动互联网,信息安全",开发|测试|运维类,,后端开发,重庆
293,t望网(北京)文化传媒有限公司,t望网,150-500人,A轮,,高级java开发工程师,5-10年,本科,25k-35k,"升值快,发展空间大，技术前沿",移动互联网,开发|测试|运维类,"年底双薪,带薪年假,绩效奖金,年终分红",后端开发,北京
294,上海兴岩信息科技有限公司,上海兴岩,50-150人,不需要融资,浦东新区,Java开发工程师,3-5年,本科,12k-16k,金桥 9点半至6点半，午休2小时,"移动互联网,电商",开发|测试|运维类,,后端开发,上海
295,聚合吧科技有限公司,聚合吧,50-150人,不需要融资,南山区,java开发工程师,3-5年,大专,15k-18k,带薪年假，年终奖，绩效奖金，双休,"移动互联网,金融",开发|测试|运维类,"年底双薪,专项奖金,带薪年假,帅哥多",后端开发,深圳
296,上海余淮商务咨询事务所,余淮,15-50人,未融资,徐汇区,java开发工程师,1-3年,本科,9k-14k,加班少 五险一金,"软件开发,其他",开发|测试|运维类,,后端开发,上海
297,上海诺互汽车服务有限公司,诺互汽车,500-2000人,未融资,普陀区,java开发工程师,在校/应届,本科,4k-5k,java,"消费生活,其他",开发|测试|运维类,,后端开发,上海
298,河南云端信息技术有限公司,河南云端,15-50人,未融资,高新区,java高级开发工程师,3-5年,本科,8k-12k,双休、五险一金、员工旅游、定期体检、餐补,"移动互联网,数据服务",开发|测试|运维类,,后端开发,郑州
299,上海展盛网络科技有限公司,展盛网络,50-150人,不需要融资,浦东新区,java开发工程师,5-10年,本科,15k-25k,五险一金 不定期团建 带薪年假 下午茶,软件开发,开发|测试|运维类,,后端开发,上海
300,珠海市多米软件技术有限公司,多米软件,15-50人,未融资,香洲区,Java高级开发工程师,3-5年,大专,16k-20k,优厚的薪资，完善的晋升制度,"移动互联网,企业服务",开发|测试|运维类,,后端开发,珠海
301,深圳市网新新思软件有限公司,网新新思,500-2000人,上市公司,,java开发工程师,3-5年,本科,11k-18k,周末双休,"移动互联网,企业服务",开发|测试|运维类,"绩效奖金,年底双薪,五险一金,带薪年假",后端开发,成都
302,深圳微梅克斯科技有限公司,微梅克斯,15-50人,未融资,龙岗区,java高级开发工程师,3-5年,本科,10k-15k,发展前景、团队很Nice,电商,开发|测试|运维类,,后端开发,深圳
303,陕西康德曼信息技术有限公司,康德曼,50-150人,未融资,曲江新区,java开发工程师,3-5年,本科,6k-10k,&nbsp;带薪年假 商业保险,"移动互联网,电商",开发|测试|运维类,,后端开发,西安
304,上海诺互汽车服务有限公司,诺互汽车,500-2000人,未融资,普陀区,java开发工程师,不限,本科,9k-15k,Java,"消费生活,其他",开发|测试|运维类,,后端开发,上海
305,杭州涂鸦信息技术有限公司,涂鸦智能,500-2000人,C轮,西湖区,Java开发工程师,1-3年,本科,20k-40k,福利好、定期团建、环境氛围好,"移动互联网,硬件",开发|测试|运维类,"5星办公环境,年底奖金,团队牛B,五险一金",后端开发,杭州
306,上海猎梦信息科技有限公司,上海猎梦科技,15-50人,不需要融资,,Java开发工程师,1-3年,本科,12k-15k,年终奖项目奖金绩效奖金股权合伙人制度,"移动互联网,电商",开发|测试|运维类,,后端开发,上海
307,武汉佰钧成技术有限责任公司,武汉佰钧成技术有限责任公司,2000人以上,不需要融资,朝阳区,java开发工程师,3-5年,本科,15k-20k,外包到阿里，近距离接触阿里的项目和技术,移动互联网,开发|测试|运维类,"带薪年假,计算机软件,管理规范,定期体检",后端开发,北京
308,北京京东尚科信息技术有限公司,京东,2000人以上,上市公司,大兴区,java开发工程师,5-10年,本科,25k-50k,薪资福利，个人成长,电商,开发|测试|运维类,,后端开发,北京
309,浙报数字文化集团股份有限公司,浙数文化,500-2000人,上市公司,浦东新区,java开发工程师,1-3年,本科,10k-15k,15薪，团队氛围好,"移动互联网,企业服务",开发|测试|运维类,"年底双薪,绩效奖金,带薪年假,交通补助",后端开发,上海
310,天能电池集团股份有限公司,小电驴快修,500-2000人,未融资,长兴县,Java开发工程师,3-5年,本科,15k-20k,领导nice 晋升空间大,硬件,开发|测试|运维类,,后端开发,湖州
311,中科世通亨奇（北京）科技有限公司,中科世通亨奇,15-50人,天使轮,海淀区,java开发工程师,1-3年,本科,12k-16k,open管理 五险一金,"人工智能,软件开发",开发|测试|运维类,,后端开发,北京
312,福建邦易网络科技有限公司,邦易网络,50-150人,未融资,台江区,Java开发工程师,不限,大专,8k-11k,晋升空间大,企业服务,开发|测试|运维类,,后端开发,福州
313,武汉佰钧成技术有限责任公司,武汉佰钧成技术有限责任公司,2000人以上,不需要融资,,java开发工程师,1-3年,大专,10k-13k,项目稳定 发展空间大,移动互联网,开发|测试|运维类,"带薪年假,计算机软件,管理规范,定期体检",后端开发,杭州
314,微梦创科网络科技（中国）有限公司,微博,2000人以上,上市公司,海淀区,java开发工程师,1-3年,本科,18k-30k,海量数据，各种技术挑战，技术成长空间大,文娱丨内容,开发|测试|运维类,"年底双薪,专项奖金,股票期权,五险一金",后端开发,北京
315,深圳市百果互动科技有限公司,百果科技,150-500人,B轮,南山区,高级Java开发工程师,3-5年,本科,18k-35k,"氛围好,老板暖,移动互联网","移动互联网,电商",开发|测试|运维类,"绩效奖金,年终分红,带薪年假,定期体检",后端开发,深圳
316,广州探途网络技术有限公司,全球购骑士特权,500-2000人,A轮,天河区,高级Java开发工程师,3-5年,本科,15k-28k,六险一金 包早餐 周末双休 年度两次调薪,电商,开发|测试|运维类,"交通补助,带薪年假,定期体检,弹性工作",后端开发,广州
317,千音网络科技（广州）有限公司,千音科技,150-500人,不需要融资,天河区,java开发工程师,3-5年,本科,15k-20k,五险一金 周末双休 13薪,"社交,软件开发",开发|测试|运维类,"带薪年假,定期体检,氛围愉快,弹性工作",后端开发,广州
318,打扮家（北京）科技有限公司,打扮家,150-500人,B轮,石景山区,java开发工程师,3-5年,本科,15k-25k,行业前景 发展空间 薪资福利,"移动互联网,电商",开发|测试|运维类,"VR,定期体检,午餐补助,年底双薪",后端开发,北京
319,神州医疗科技股份有限公司,神州医疗,150-500人,不需要融资,海淀区,高级java开发工程师,5-10年,本科,15k-25k,带薪年假 六险一金 周末双休,"医疗丨健康,数据服务",开发|测试|运维类,,后端开发,北京
320,北京同程旅业投资集团有限公司,同程旅业,2000人以上,未融资,工业园区,java开发工程师,3-5年,本科,10k-15k,发展前景好,旅游,开发|测试|运维类,,后端开发,苏州
321,深圳深蓝保信息技术有限公司,深蓝保,150-500人,不需要融资,南山区,java开发工程师,3-5年,本科,14k-20k,行业引领者，大牛团队，互联网氛围,"金融,移动互联网",开发|测试|运维类,"股票期权,专项奖金,弹性工作,技能培训",后端开发,深圳
322,上海悟景信息科技有限公司,悟景,50-150人,未融资,浦东新区,java开发工程师,5-10年,本科,19k-25k,五险一金 年终奖金 节假日福利 绩效奖金,"移动互联网,企业服务",开发|测试|运维类,"弹性工作,节日礼物,帅哥多,美女多",后端开发,上海
323,上海招赢电子商务有限责任公司,招商银行―出行易,150-500人,不需要融资,浦东新区,Java开发工程师,3-5年,本科,18k-28k,带薪年假、节日补贴、餐补、年终奖、培训,电商,开发|测试|运维类,"节日礼物,绩效奖金,年度旅游,岗位晋升",后端开发,上海
324,耀方信息技术（上海）有限公司,1药网,500-2000人,上市公司,浦东新区,高级Java开发工程师,3-5年,本科,20k-35k,五险一金，技术大牛多，福利好,"移动互联网,电商",开发|测试|运维类,"绩效奖金,股票期权,年底双薪,五险一金",后端开发,上海
